data,name,label
CCACGGTGTCTAGAACCGGACGGATTCTTGGTGTTACGGTT,A,0.0
GCTGCTTAACTCGCCTAGCTCGGATAGACATGATTTTATCC,A,0.0
TGATTTTATCCTCTCTCGATCTGCTGGTGCAGGAAATACCT,A,0.0
TAAAATTCAAGAGTGCAAAACGACCATTCACAGAATTGGTG,A,0.0
GACCATTCACAGAATTGGTGCCCCTGCTCAAATGCCAATTT,A,0.0
TTGGTGCCCCTGCTCAAATGCCAATTTAAATGGATTTTATG,A,0.0
ATTTTATGAGACGAACAGAGCCTGCATTAGCTCTAGCAAAC,A,1.0
TAGCAAACAATACAGCTGTTCTAAAATCGCTATCTAAGTTA,A,0.0
TCTAAGTTAACACCTTAACACAGAGTAAGTGAAGAGATATA,A,0.0
GAGTAAGTGAAGAGATATATCCATATAGAGTCAGGCAAGAG,A,0.0
AAATTAAAGAAGCCAAGGAGCAAAAAGCGAAGCATTAGAAG,C,0.0
AAGAAGTGTTTTGGAGGCAGCATGCCCATTGAATACATAAC,C,1.0
TAAAAATAACTGGAAACATGCTTAGAGGCACCGGAAAGATT,C,0.0
AGGCACCGGAAAGATTCAGGCGACGTAAGCGACGTGGCTAC,C,0.0
CGACGTAAGCGACGTGGCTACTGAAGAGGCACTTCCCCTCG,C,0.0
CTACTGAAGAGGCACTTCCCCTCGAACAATCGTAAACGACA,C,0.0
TCCCCTCGAACAATCGTAAACGACAGTACGACGGGGAGCCA,C,0.0
AACGACAGTACGACGGGGAGCCAAGCCGCGAAGAGTAAAAG,C,0.0
AGGGACATGGCAAAGACAATCGGACGGACAGTACCCGGCGA,C,0.0
ACAATCGGACGGACAGTACCCGGCGATGTTGCGCGGAAGAT,C,0.0
ACGACATTAACTAACTTAACCATTTGCTTTCAAAACAAATC,D,0.0
TCAATTATATGTTTTAGAACCCAGGAGTGTAAAGATCATTC,D,0.0
CCAGGAGTGTAAAGATCATTCCAATGACAGGGAATTTGCAA,D,0.0
ACAGGGAATTTGCAAAACGGCACATTTCTTACAGAACAAAA,D,0.0
TTACAGAACAAAAAAATTTGCTCCGGATTTGTTTTCGTCTG,D,0.0
CAGGCCACAGCTTACATCAGCTACATCGAAGTAGTAAATCA,D,0.0
TACATCGAAGTAGTAAATCACTCTGATTCCTTTAAACATAT,D,0.0
TCTGATTCCTTTAAACATATCGACGTGGGCACGCCAATAGT,D,0.0
AACATATCGACGTGGGCACGCCAATAGTAGTTGAAAAATGA,D,0.0
GACGTTTTTATAGAATTTAACTTTTCCGATTGTGTAAAATT,D,0.0
GCTGATGGTTCATTAGACTTCAGCAAAGCCGATGCCAAAAT,E,1.0
AAAGCCGATGCCAAAATAAGCCAATACGATCTCAACGCTAT,E,0.0
CGATCTCAACGCTATTGAAGCGGCTTGCCAGCTAAAGCAAC,E,0.0
AAAGCAACAGGCAGCAGAGGCGCAGGTGACAGCCTTAAGTG,E,0.0
GTGACAGCCTTAAGTGTGGGCGGTAAAGCCCTGACCAACGC,E,1.0
CGGTAAAGCCCTGACCAACGCCAAAGGGCGTAAAGATGTGC,E,0.0
CCAAAGGGCGTAAAGATGTGCTATCGCGCGGCCCGGATGAA,E,0.0
TATCGCGCGGCCCGGATGAACTGATTGTGGTGATTGATGAC,E,0.0
TGATTGATGACCAGTTCGAGCAGGCACTGCCGCAACAAACG,E,0.0
GCAGGCACTGCCGCAACAAACGGCGAGCGCACTGGCTGCAG,E,0.0
TCAACCAGAATAATTCCCGCCTGAACAGAGGCAAAAATCGA,Gsub,1.0
GCCTGAACAGAGGCAAAAATCGAGTGCATGCGGATCTGGGC,Gsub,0.0
AAAATCGAGTGCATGCGGATCTGGGCCTCGCGCAGCACATC,Gsub,0.0
CGCGCAGCACATCCTCCATACGCTTGCGGTCGGTTATATCT,Gsub,1.0
GTCGGTTATATCTGCGTAGACGATAATGACACGGTCGATTT,Gsub,1.0
GTAGACGATAATGACACGGTCGATTTCCCCCCGCGCATTTT,Gsub,1.0
ACACGGTCGATTTCCCCCCGCGCATTTTTGATCGGTGCTGC,Gsub,1.0
TTGATCGGTGCTGCCATGGCCTGGTAATGCCGGTCCCCCAA,Gsub,0.0
TGGCCTGGTAATGCCGGTCCCCCAATACGGTATCGCCGCAT,Gsub,1.0
TCTTTCGCCGCGCCGCGAAACCATCACGTCATGAAAGATGC,Gsub,1.0
TCTGAAGGAGAGTAGATGAACCCTCACCTCTATCACACCCT,Gpick,1.0
AGATGAACCCTCACCTCTATCACACCCTCTACGGCCCCGAA,Gpick,0.0
ACCCTCTACGGCCCCGAAAGCCTCAACTTTAAGCTCTTCAT,Gpick,1.0
CCGAAAGCCTCAACTTTAAGCTCTTCATGGCGATCAACCAC,Gpick,0.0
CTCTTCATGGCGATCAACCACGCCCACCACCCGCTGCTGGA,Gpick,1.0
CTCGGCGGTTCGAAAATCGTCTACCTCTACGCGGCGATCCT,Gpick,0.0
GCTACGTGGGGCTCTTCTGTCTCGCCACGGTCCTCGGCCTC,Gpick,0.0
CTGAAAGGAATCGCCCAGGTCCCACGCCCGGGGCTCGCCAT,Gpick,0.0
TGGTCCTCGGCGAGGTGAAGCTTCGGAACTCGTTTCCGTCG,Gpick,0.0
GCTTCGGAACTCGTTTCCGTCGGGGCACGCGATCTTCGCCT,Gpick,0.0
